Number,Name
1.1,"Position, Velocity, and Acceleration"
1.2,Representations of Motion
2.1,Systems
2.2,The Gravitational Field
2.3,Contact Forces
2.4,Newton’s First Law
2.5,Newton’s Third Law and Free-Body Diagrams
2.6,Newton’s Second Law
2.7,Applications of Newton’s Second Law
3.1,Vector Fields
3.2,Fundamental Forces
3.3,Gravitational and Electric Forces
3.4,Gravitational Field/Acceleration Due to Gravity on Different Planets
3.5,Inertial vs Gravitational Mass
3.6,Centripetal Acceleration and Centripetal Force
3.7,Free-Body Diagrams for Objects in Uniform Circular Motion
3.8,Applications of Circular Motion and Gravitation
4.1,Open and Closed Systems: Energy
4.2,Work and Mechanical Energy
4.3,"Conservation of Energy, the Work-Energy Principle, and Power"
5.1,Momentum and Impulse
5.2,Representations of Changes in Momentum
5.3,Open and Closed Systems: Momentum
5.4,Conservation of Linear Momentum
6.1,Period of Simple Harmonic Oscillators
6.2,Energy of a Simple Harmonic Oscillator
7.1,Rotational Kinematics
7.2,Torque and Angular Acceleration
7.3,Angular Momentum and Torque
7.4,Conservation of Angular Momentum
optics,Optics
circuits,Electrical Circuits
atomic,Atomic and Nuclear Physics
electromagnetism,Electromagnetism
experiment,Experimental Physics
thermodynamics,Thermodynamics
waves,Waves
fluids,Fluid Mechanics
